Section,Screen Name,Prompt,Color Notes
WEB_DASHBOARD,Owner Login,"Create a split-screen login for RouteWise with navy blue (#1e3a5f) left side showing 'RouteWise' branding, tagline 'Streamline Your Field Operations', and stats (Active Companies, Jobs Completed, Uptime). White right side with 'Welcome back' heading, email and password inputs with light backgrounds (#e8eef5), orange 'Forgot Password' link (#ff6b35), navy 'Sign In' button. Include 'Create Account' option. Professional construction theme.","Navy left (#1e3a5f), White right, Orange accents (#ff6b35), Light inputs (#e8eef5)"
WEB_DASHBOARD,Company Registration,"Build a split-screen registration for RouteWise. Navy blue (#1e3a5f) left side with branding and benefits. White right side with registration form: company name, owner name, phone, email, password fields with light backgrounds (#e8eef5). Orange 'Create Account' button (#ff6b35). Include Terms of Service link. Construction-industry professional style.","Navy branding (#1e3a5f), Light inputs (#e8eef5), Orange button (#ff6b35)"
WEB_DASHBOARD,Dashboard,"Design a RouteWise Dashboard with navy blue (#1e3a5f) top header/sidebar, light gray background (#f5f7fa), white cards with subtle shadows. Show project counts with orange numbers (#ff6b35) for active projects, green for completed, navy for total. Active workers list with status dots (green=available, orange=on-site). Recent activity timeline. Use orange for CTAs and active navigation items.","Navy header (#1e3a5f), Light bg (#f5f7fa), White cards, Orange accents (#ff6b35)"
WEB_DASHBOARD,Workers List,"Create Workers List with navy header (#1e3a5f), light background (#f5f7fa), white table/cards. Status badges: green 'Available', orange 'On Site' (#ff6b35), gray 'Off Duty'. Search bar with light background (#e8eef5). Orange 'Add Worker' button. Filter chips with navy borders. Clean, professional construction theme.","Navy header (#1e3a5f), Orange active status (#ff6b35), Light bg (#f5f7fa)"
WEB_DASHBOARD,Add Worker,"Design Add Worker modal/form on light background with white card. Navy header (#1e3a5f) 'Add New Worker'. Input fields for name, phone, role with light backgrounds (#e8eef5). Role dropdown with options (Foreman, Electrician, Plumber, Laborer). Orange 'Save' button (#ff6b35), gray 'Cancel'. Professional, clean layout.","White card, Light inputs (#e8eef5), Navy header (#1e3a5f), Orange save button (#ff6b35)"
WEB_DASHBOARD,Customers List,"Create Customers List with navy header (#1e3a5f), light background (#f5f7fa), white cards for each customer. Display customer name (navy text), company (gray text), contact info. Search bar with light background. Orange 'Add Customer' button (#ff6b35). Grid or list view toggle. Clean, organized layout.","Navy header (#1e3a5f), White cards, Orange CTA (#ff6b35), Light bg (#f5f7fa)"
WEB_DASHBOARD,Add Customer,"Build Add Customer form with white card on light background. Navy header 'New Customer' (#1e3a5f). Light input backgrounds (#e8eef5) for name, company, phone, email, address. Orange 'Save Customer' button (#ff6b35). Gray cancel option. Professional construction theme.","White card, Navy header (#1e3a5f), Light inputs (#e8eef5), Orange button (#ff6b35)"
WEB_DASHBOARD,Projects List,"Design Projects List with navy header (#1e3a5f), light background (#f5f7fa), white project cards in grid. Status badges: blue 'Scheduled', orange 'In Progress' (#ff6b35), green 'Completed', gray 'On Hold'. Each card shows project title (navy), address (gray), customer name, assigned worker. Search and filter bar. Orange 'New Project' button (#ff6b35).","Navy header (#1e3a5f), White cards, Orange in-progress (#ff6b35), Light bg (#f5f7fa)"
WEB_DASHBOARD,Create Project,"Create New Project form with white card. Navy header 'Create New Project' (#1e3a5f). Light input backgrounds (#e8eef5) for title, address, customer dropdown, project type (Residential/Commercial/Renovation), worker assignment, start date, description. Orange 'Create Project' button (#ff6b35). Clean, professional construction layout.","White card, Navy header (#1e3a5f), Light inputs (#e8eef5), Orange button (#ff6b35)"
WEB_DASHBOARD,Project Details,"Build Project Details page with navy header (#1e3a5f), light background (#f5f7fa). White card sections for: Project Info (title, address, customer), Timeline (dates), Assigned Worker (with avatar), Files section with photo thumbnails and PDF icons. Orange badges for categories (#ff6b35). Activity log at bottom. Orange action buttons for 'Upload Files' and 'Edit'.","Navy header (#1e3a5f), White sections, Orange accents (#ff6b35), Light bg (#f5f7fa)"
WEB_DASHBOARD,Upload Files,"Design Upload Files modal with white background. Navy header 'Upload Files' (#1e3a5f). Drag-and-drop zone with dashed border. Category selector (Progress, Contract, Site Photo, Invoice, Report) with orange selected state (#ff6b35). Light input for description (#e8eef5). File preview thumbnails. Orange 'Upload' button (#ff6b35), gray 'Cancel'.","White modal, Navy header (#1e3a5f), Orange selections (#ff6b35), Light inputs (#e8eef5)"
WEB_DASHBOARD,View Project Files,"Create Project Files gallery with navy header (#1e3a5f), light background (#f5f7fa). Photo thumbnails in grid with orange category badges (#ff6b35). Filter chips with navy borders. PDF icons for documents. Full-screen lightbox viewer with navy controls. Download button in orange (#ff6b35). Clean, organized layout.","Navy header (#1e3a5f), Orange badges (#ff6b35), White cards, Light bg (#f5f7fa)"
WEB_DASHBOARD,Settings,"Design Settings page with navy header (#1e3a5f), light background (#f5f7fa). White card sections: Company Info (editable fields with light backgrounds #e8eef5), Change Password, Worker Permissions. Orange 'Save Changes' buttons (#ff6b35). Professional, organized layout with clear sections.","Navy header (#1e3a5f), White cards, Light inputs (#e8eef5), Orange buttons (#ff6b35)"
MOBILE_APP,Worker Login,"Create Worker Login with navy blue (#1e3a5f) header showing RouteWise logo, light background (#f5f7fa), white input card. Phone number input with icon, password input with show/hide toggle. Large orange 'Sign In' button (#ff6b35) with rounded corners. Large touch targets (min 48px height). Professional style matching web login.","Navy header (#1e3a5f), White card, Orange button (#ff6b35), Light bg (#f5f7fa)"
MOBILE_APP,My Projects,"Design My Projects with navy header (#1e3a5f) showing 'My Projects' title and filter icon. Light background (#f5f7fa), white project cards with shadows. Each card: project title (navy), address (gray), customer name, orange 'In Progress' badge (#ff6b35) or green 'Completed'. Large tap targets. Pull-to-refresh. Clear status indicators.","Navy header (#1e3a5f), White cards, Orange status (#ff6b35), Light bg (#f5f7fa)"
MOBILE_APP,Project Details,"Build mobile Project Details with navy header (#1e3a5f) showing project title. White content cards on light background. Sections: Project Info, Customer Contact (tap to call), Safety Notes (orange alert icon #ff6b35). Large action buttons at bottom: 'Take Photo' (orange #ff6b35), 'View Files', 'Update Status'. Easy thumb reach.","Navy header (#1e3a5f), White cards, Orange CTAs (#ff6b35), Light bg (#f5f7fa)"
MOBILE_APP,Take Photo,"Create Take Photo screen with full camera viewfinder. Navy top bar (#1e3a5f) with back button. Large orange circular capture button at bottom (#ff6b35). After capture: preview with 'Retake' (gray) and 'Continue' (orange #ff6b35) buttons. Then show category picker with large, visual options and orange selected state. Light input for notes (#e8eef5).","Navy controls (#1e3a5f), Orange capture button (#ff6b35), Light inputs (#e8eef5)"
MOBILE_APP,Upload Photo,"Design Upload Photo screen with navy header (#1e3a5f) 'Upload Photo'. Photo preview at top. Category picker with large, tappable options showing icons: Progress (blue), Site Photo (green), Safety (red), Materials (orange #ff6b35). Selected category has orange background. Light input for notes (#e8eef5). Large orange 'Upload' button at bottom with progress bar.","Navy header (#1e3a5f), Orange selections (#ff6b35), Light bg (#f5f7fa)"
MOBILE_APP,View Project Files,"Create mobile Files gallery with navy header (#1e3a5f) and filter icon. Photo grid (2 columns) on light background with orange category badges (#ff6b35) on thumbnails. Tap to open full-screen viewer with swipe navigation. Navy controls overlay. Download/share icons. Clean, touch-optimized layout.","Navy header (#1e3a5f), Orange badges (#ff6b35), Light bg (#f5f7fa)"
MOBILE_APP,Update Project Status,"Create Status Update screen with navy header (#1e3a5f) 'Update Status'. Large, clear status buttons in cards: 'Started Work' (blue), 'In Progress' (orange #ff6b35), 'Break' (gray), 'Completed Today' (green), 'Issue/Blocked' (red). Each 60px+ height. Optional light input for notes (#e8eef5) at bottom. Orange 'Save' button (#ff6b35).","Navy header (#1e3a5f), Orange active (#ff6b35), Large buttons, Light bg (#f5f7fa)"
MOBILE_APP,My Profile,"Design Worker Profile with navy header (#1e3a5f) 'Profile'. White card with worker avatar/initials at top. Display name, phone, role (gray text). Stats section with orange numbers (#ff6b35): Active Projects, Photos Uploaded This Week. Light background (#f5f7fa). Red 'Logout' button at bottom. Clean, simple layout.","Navy header (#1e3a5f), Orange stats (#ff6b35), White card, Light bg (#f5f7fa)"
